Cantidad_Llamadas;Duracion_Llamadas_minutos;nro_cliente;mes;tipo_llamada
1;285;41;1;Saliente
1;30;42;1;Saliente
1;30;92;1;Saliente
1;30;94;1;Saliente
1;80;131;1;Saliente
1;35;131;1;Saliente
12;691;131;1;Saliente
3;206;158;1;Saliente
2;65;158;1;Saliente
1;285;177;1;Saliente
2;793;180;1;Saliente
1;484;304;1;Saliente
25;4168;304;1;Saliente
4;120;304;1;Saliente
1;544;304;1;Saliente
1;120;344;1;Saliente
2;86;344;1;Saliente
2;97;366;1;Saliente
1;174;390;1;Saliente
4;678;390;1;Saliente
1;35;390;1;Saliente
2;230;390;1;Saliente
1;259;407;1;Saliente
1;240;477;1;Saliente
1;245;557;1;Saliente
1;144;580;1;Saliente
1;30;580;1;Saliente
1;736;658;1;Saliente
2;273;689;1;Saliente
4;622;739;1;Saliente
1;147;765;1;Saliente
1;151;765;1;Saliente
4;138;765;1;Saliente
1;30;765;1;Saliente
6;1325;825;1;Saliente
6;652;825;1;Saliente
5;221;825;1;Saliente
1;1200;825;1;Saliente
1;48;827;1;Saliente
2;210;827;1;Saliente
1;129;827;1;Saliente
2;139;877;1;Saliente
2;453;883;1;Saliente
1;355;883;1;Saliente
1;1200;883;1;Saliente
1;122;893;1;Saliente
1;30;893;1;Saliente
1;209;893;1;Saliente
4;367;893;1;Saliente
1;30;934;1;Saliente
1;124;990;1;Saliente
1;30;1036;1;Saliente
1;54;1127;1;Saliente
1;60;1127;1;Saliente
1;30;1179;1;Saliente
5;930;1181;1;Saliente
7;465;1181;1;Saliente
1;76;1213;1;Saliente
1;107;1259;1;Saliente
1;30;1328;1;Saliente
1;86;1346;1;Saliente
17;2533;1347;1;Saliente
3;90;1404;1;Saliente
1;81;1433;1;Saliente
1;63;1433;1;Saliente
1;42;1434;1;Saliente
1;195;1455;1;Saliente
1;174;1469;1;Saliente
1;30;1470;1;Saliente
3;90;1472;1;Saliente
14;979;1507;1;Saliente
1;157;1517;1;Saliente
1;52;1517;1;Saliente
1;53;1517;1;Saliente
1;69;1540;1;Saliente
1;65;1541;1;Saliente
3;90;1541;1;Saliente
1;70;1541;1;Saliente
1;30;1558;1;Saliente
1;55;1629;1;Saliente
3;345;1689;1;Saliente
1;167;1710;1;Saliente
15;3341;1726;1;Saliente
13;965;1726;1;Saliente
5;305;1726;1;Saliente
2;1298;1726;1;Saliente
1;30;1737;1;Saliente
2;60;1779;1;Saliente
1;281;1779;1;Saliente
1;61;1785;1;Saliente
2;60;1793;1;Saliente
1;604;1806;1;Saliente
3;112;1807;1;Saliente
1;645;1828;1;Saliente
1;35;1847;1;Saliente
2;81;1876;1;Saliente
2;97;1876;1;Saliente
1;30;1876;1;Saliente
1;30;1876;1;Saliente
4;120;1889;1;Saliente
2;60;1904;1;Saliente
2;595;2002;1;Saliente
7;2354;2002;1;Saliente
6;295;2034;1;Saliente
1;30;2035;1;Saliente
1;71;2049;1;Saliente
1;155;2076;1;Saliente
1;30;2083;1;Saliente
1;180;2083;1;Saliente
1;715;2084;1;Saliente
1;107;2085;1;Saliente
3;3429;2088;1;Saliente
7;743;2088;1;Saliente
1;584;2088;1;Saliente
8;380;2099;1;Saliente
6;180;2099;1;Saliente
1;136;2156;1;Saliente
1;30;2163;1;Saliente
2;81;2206;1;Saliente
1;30;2225;1;Saliente
1;30;2248;1;Saliente
1;39;2248;1;Saliente
1;30;2248;1;Saliente
1;30;2251;1;Saliente
1;30;2251;1;Saliente
1;368;2251;1;Saliente
6;415;2264;1;Saliente
1;73;2264;1;Saliente
2;706;2264;1;Saliente
2;85;2280;1;Saliente
8;561;2280;1;Saliente
2;71;2320;1;Saliente
1;1082;2320;1;Saliente
1;49;2332;1;Saliente
1;30;2332;1;Saliente
5;169;2332;1;Saliente
1;44;2332;1;Saliente
1;319;2333;1;Saliente
1;30;2362;1;Saliente
9;317;2370;1;Saliente
2;60;2370;1;Saliente
6;180;2370;1;Saliente
9;321;2370;1;Saliente
1;30;2374;1;Saliente
1;100;2375;1;Saliente
3;97;2380;1;Saliente
1;30;2420;1;Saliente
1;286;2427;1;Saliente
1;181;2517;1;Saliente
3;1670;2562;1;Saliente
1;1069;2562;1;Saliente
2;60;2580;1;Saliente
1;572;2593;1;Saliente
1;30;2611;1;Saliente
3;128;2632;1;Saliente
1;96;2632;1;Saliente
2;333;2651;1;Saliente
1;30;2653;1;Saliente
11;346;2686;1;Saliente
13;1425;2686;1;Saliente
1;30;2686;1;Saliente
1;102;2721;1;Saliente
6;587;2748;1;Saliente
1;71;2748;1;Saliente
2;67;2807;1;Saliente
1;146;2807;1;Saliente
3;287;2841;1;Saliente
1;30;2841;1;Saliente
3;101;2841;1;Saliente
1;51;2904;1;Saliente
1;30;2912;1;Saliente
3;256;2920;1;Saliente
1;72;2974;1;Saliente
1;120;2993;1;Saliente
1;76;3005;1;Saliente
1;340;3005;1;Saliente
1;70;3005;1;Saliente
1;30;3035;1;Saliente
2;114;3062;1;Saliente
2;127;3063;1;Saliente
21;2485;3063;1;Saliente
1;80;3063;1;Saliente
1;237;3063;1;Saliente
1;1126;3070;1;Saliente
1;103;3080;1;Saliente
1;30;3083;1;Saliente
1;655;3103;1;Saliente
1;223;3105;1;Saliente
1;399;3187;1;Saliente
10;301;3271;1;Saliente
2;103;3287;1;Saliente
2;214;3287;1;Saliente
3;100;3287;1;Saliente
1;30;3287;1;Saliente
1;30;3287;1;Saliente
4;2375;3300;1;Saliente
3;1620;3343;1;Saliente
2;60;3366;1;Saliente
2;60;3427;1;Saliente
1;616;3491;1;Saliente
7;571;3491;1;Saliente
1;363;3515;1;Saliente
1;891;3541;1;Saliente
1;69;3547;1;Saliente
1;43;3547;1;Saliente
1;30;3555;1;Saliente
1;30;3591;1;Saliente
3;718;3645;1;Saliente
1;47;3645;1;Saliente
1;30;3645;1;Saliente
1;195;3645;1;Saliente
1;363;3645;1;Saliente
5;150;3653;1;Saliente
1;996;3682;1;Saliente
1;30;3690;1;Saliente
2;117;3707;1;Saliente
2;119;3707;1;Saliente
5;211;3707;1;Saliente
1;71;3707;1;Saliente
1;33;3707;1;Saliente
1;45;3710;1;Saliente
2;1044;3710;1;Saliente
4;120;3733;1;Saliente
1;35;3733;1;Saliente
2;60;3735;1;Saliente
2;140;3751;1;Saliente
1;188;3766;1;Saliente
1;59;3771;1;Saliente
1;30;3794;1;Saliente
1;60;3799;1;Saliente
1;30;3805;1;Saliente
8;1752;3815;1;Saliente
1;285;3818;1;Saliente
1;45;3855;1;Saliente
1;30;3865;1;Saliente
1;31;3902;1;Saliente
1;285;3961;1;Saliente
1;30;4035;1;Saliente
1;30;4109;1;Saliente
1;79;4109;1;Saliente
1;167;4109;1;Saliente
1;281;4109;1;Saliente
1;30;4116;1;Saliente
4;571;4156;1;Saliente
1;30;4166;1;Saliente
6;415;4177;1;Saliente
1;1014;4177;1;Saliente
1;31;4185;1;Saliente
4;2859;4202;1;Saliente
1;30;4202;1;Saliente
2;218;4202;1;Saliente
1;883;4202;1;Saliente
4;331;4209;1;Saliente
1;735;4209;1;Saliente
1;30;4220;1;Saliente
3;90;4234;1;Saliente
5;1906;4248;1;Saliente
19;8193;4248;1;Saliente
1;300;4275;1;Saliente
1;178;4275;1;Saliente
1;53;4282;1;Saliente
1;30;4296;1;Saliente
2;60;4308;1;Saliente
3;167;4308;1;Saliente
1;340;4327;1;Saliente
5;583;4403;1;Saliente
1;34;4460;1;Saliente
1;30;4460;1;Saliente
2;78;4477;1;Saliente
6;392;4488;1;Saliente
1;180;4512;1;Saliente
1;285;4520;1;Saliente
2;68;4534;1;Saliente
1;30;4539;1;Saliente
1;30;4568;1;Saliente
1;30;4597;1;Saliente
3;90;4597;1;Saliente
1;40;4609;1;Saliente
1;30;4617;1;Saliente
2;219;4617;1;Saliente
1;55;4624;1;Saliente
1;38;4677;1;Saliente
10;435;4677;1;Saliente
5;473;4677;1;Saliente
3;138;4687;1;Saliente
1;30;4687;1;Saliente
1;70;4687;1;Saliente
2;60;4715;1;Saliente
1;286;4741;1;Saliente
1;118;4756;1;Saliente
1;30;4768;1;Saliente
1;30;4768;1;Saliente
1;49;4777;1;Saliente
1;396;4777;1;Saliente
1;35;4813;1;Saliente
33;2317;4813;1;Saliente
2;60;4815;1;Saliente
1;78;4815;1;Saliente
1;416;4856;1;Saliente
1;115;4856;1;Saliente
2;60;4857;1;Saliente
1;30;4857;1;Saliente
3;90;4870;1;Saliente
2;222;4876;1;Saliente
1;30;4879;1;Saliente
1;532;4886;1;Saliente
1;238;4886;1;Saliente
1;30;4895;1;Saliente
3;349;4895;1;Saliente
1;30;4895;1;Saliente
9;271;4895;1;Saliente
2;60;4895;1;Saliente
2;71;4895;1;Saliente
1;105;4895;1;Saliente
1;30;4895;1;Saliente
2;265;4895;1;Saliente
6;180;4920;1;Saliente
1;30;4920;1;Saliente
1;30;4940;1;Saliente
2;60;4970;1;Saliente
1;435;4982;1;Saliente
1;863;5040;1;Saliente
1;83;5076;1;Saliente
1;246;5098;1;Saliente
2;76;5113;1;Saliente
2;92;5113;1;Saliente
5;199;5113;1;Saliente
15;3610;5117;1;Saliente
1;136;5117;1;Saliente
2;321;5117;1;Saliente
1;30;5130;1;Saliente
1;30;5130;1;Saliente
8;403;5130;1;Saliente
1;54;5130;1;Saliente
16;2328;5173;1;Saliente
1;30;5173;1;Saliente
10;1061;5173;1;Saliente
5;150;5207;1;Saliente
1;30;5232;1;Saliente
4;255;5232;1;Saliente
1;47;5232;1;Saliente
1;102;5232;1;Saliente
4;405;5253;1;Saliente
1;77;5253;1;Saliente
1;48;5253;1;Saliente
1;94;5271;1;Saliente
1;30;5271;1;Saliente
2;68;5271;1;Saliente
1;72;5278;1;Saliente
2;60;5278;1;Saliente
8;350;5278;1;Saliente
1;30;5278;1;Saliente
1;135;5281;1;Saliente
1;30;5290;1;Saliente
2;80;5290;1;Saliente
1;133;5290;1;Saliente
1;168;5290;1;Saliente
1;30;5301;1;Saliente
6;180;5306;1;Saliente
2;152;5306;1;Saliente
1;100;5306;1;Saliente
1;30;5368;1;Saliente
4;284;5378;1;Saliente
1;88;5378;1;Saliente
5;583;5378;1;Saliente
1;372;5378;1;Saliente
1;30;5381;1;Saliente
1;30;5381;1;Saliente
1;30;5381;1;Saliente
1;30;5402;1;Saliente
9;457;5402;1;Saliente
1;1000;5402;1;Saliente
3;92;5402;1;Saliente
3;526;5402;1;Saliente
2;60;5405;1;Saliente
1;30;5405;1;Saliente
1;652;5405;1;Saliente
2;74;5418;1;Saliente
2;486;5418;1;Saliente
4;1100;5418;1;Saliente
2;401;5418;1;Saliente
1;30;5418;1;Saliente
2;60;5418;1;Saliente
9;471;5418;1;Saliente
1;30;5454;1;Saliente
1;49;5481;1;Saliente
1;35;5481;1;Saliente
2;68;5481;1;Saliente
2;145;5505;1;Saliente
2;328;5522;1;Saliente
1;30;5522;1;Saliente
2;60;5529;1;Saliente
2;60;5532;1;Saliente
1;30;5533;1;Saliente
2;79;5533;1;Saliente
1;30;5533;1;Saliente
5;150;5538;1;Saliente
3;174;5538;1;Saliente
1;193;5541;1;Saliente
1;30;5561;1;Saliente
1;72;5598;1;Saliente
2;472;5598;1;Saliente
2;100;5601;1;Saliente
1;95;5643;1;Saliente
1;38;5668;1;Saliente
2;133;5674;1;Saliente
1;177;5674;1;Saliente
1;1200;5674;1;Saliente
1;56;5682;1;Saliente
1;30;5682;1;Saliente
2;71;5682;1;Saliente
1;139;5684;1;Saliente
2;301;5684;1;Saliente
1;32;5684;1;Saliente
4;544;5687;1;Saliente
7;252;5687;1;Saliente
2;112;5687;1;Saliente
1;319;5687;1;Saliente
1;118;5687;1;Saliente
2;60;5690;1;Saliente
2;238;5706;1;Saliente
1;30;5816;1;Saliente
2;128;5817;1;Saliente
8;846;5817;1;Saliente
5;150;5817;1;Saliente
3;150;5817;1;Saliente
47;3077;5817;1;Saliente
14;1499;5817;1;Saliente
1;126;5817;1;Saliente
1;116;5817;1;Saliente
1;30;5819;1;Saliente
1;489;5820;1;Saliente
2;60;5820;1;Saliente
1;1200;5820;1;Saliente
1;234;5854;1;Saliente
3;100;5862;1;Saliente
2;287;5863;1;Saliente
4;158;5870;1;Saliente
1;246;5870;1;Saliente
1;168;5870;1;Saliente
2;135;5880;1;Saliente
1;30;5920;1;Saliente
1;730;5949;1;Saliente
1;30;5969;1;Saliente
1;30;5980;1;Saliente
1;56;5982;1;Saliente
1;72;5986;1;Saliente
1;30;5991;1;Saliente
1;341;6000;1;Saliente
1;180;6000;1;Saliente
1;30;6009;1;Saliente
1;43;6014;1;Saliente
3;1468;6014;1;Saliente
1;599;6014;1;Saliente
1;32;6031;1;Saliente
11;357;6031;1;Saliente
2;60;6031;1;Saliente
1;30;6039;1;Saliente
1;30;6042;1;Saliente
2;60;6044;1;Saliente
1;122;6062;1;Saliente
1;30;6062;1;Saliente
7;1571;6088;1;Saliente
1;309;6088;1;Saliente
1;142;6099;1;Saliente
1;591;6099;1;Saliente
1;30;6107;1;Saliente
1;30;6122;1;Saliente
1;30;6138;1;Saliente
5;150;6138;1;Saliente
1;30;6138;1;Saliente
9;278;6142;1;Saliente
1;30;6142;1;Saliente
1;31;6142;1;Saliente
2;95;6142;1;Saliente
2;60;6148;1;Saliente
1;43;6166;1;Saliente
2;283;6166;1;Saliente
1;30;6174;1;Saliente
1;30;6211;1;Saliente
1;30;6211;1;Saliente
6;898;6211;1;Saliente
1;30;6218;1;Saliente
1;31;6218;1;Saliente
1;250;6246;1;Saliente
1;555;6262;1;Saliente
4;120;6275;1;Saliente
1;267;6290;1;Saliente
1;953;6299;1;Saliente
1;180;6326;1;Saliente
1;30;6365;1;Saliente
3;944;6408;1;Saliente
1;182;6408;1;Saliente
1;30;6412;1;Saliente
1;30;6413;1;Saliente
5;180;6420;1;Saliente
1;30;6420;1;Saliente
1;30;6420;1;Saliente
1;39;6420;1;Saliente
4;308;6438;1;Saliente
2;60;6450;1;Saliente
2;121;6450;1;Saliente
33;14143;6456;1;Saliente
2;111;6465;1;Saliente
1;202;6471;1;Saliente
2;60;6488;1;Saliente
3;1182;6498;1;Saliente
1;30;6498;1;Saliente
15;5520;6498;1;Saliente
5;230;6498;1;Saliente
2;1549;6498;1;Saliente
3;90;6506;1;Saliente
1;71;6511;1;Saliente
1;55;6514;1;Saliente
1;89;6528;1;Saliente
1;37;6528;1;Saliente
1;118;6548;1;Saliente
3;924;6558;1;Saliente
2;338;6558;1;Saliente
1;963;6558;1;Saliente
1;30;6567;1;Saliente
3;157;6567;1;Saliente
1;285;6590;1;Saliente
1;381;6591;1;Saliente
1;30;6595;1;Saliente
1;90;6595;1;Saliente
1;30;6614;1;Saliente
8;568;6616;1;Saliente
1;40;6618;1;Saliente
1;30;6624;1;Saliente
1;30;6624;1;Saliente
1;102;6624;1;Saliente
1;451;6624;1;Saliente
10;309;6647;1;Saliente
1;30;6667;1;Saliente
1;30;6672;1;Saliente
10;1702;6680;1;Saliente
1;30;6680;1;Saliente
1;1200;6680;1;Saliente
1;422;6680;1;Saliente
2;109;6692;1;Saliente
1;1098;6712;1;Saliente
1;296;6715;1;Saliente
1;56;6743;1;Saliente
1;30;6749;1;Saliente
1;78;6761;1;Saliente
1;50;6783;1;Saliente
2;363;6783;1;Saliente
1;208;6794;1;Saliente
3;572;6794;1;Saliente
2;1487;6796;1;Saliente
1;78;6801;1;Saliente
6;188;6801;1;Saliente
2;60;6801;1;Saliente
2;598;6841;1;Saliente
1;45;6850;1;Saliente
1;30;6850;1;Saliente
1;30;6852;1;Saliente
2;62;6873;1;Saliente
2;60;6873;1;Saliente
3;138;6873;1;Saliente
1;109;6873;1;Saliente
2;1032;6876;1;Saliente
1;1200;6876;1;Saliente
3;90;6882;1;Saliente
1;53;6897;1;Saliente
1;30;6897;1;Saliente
1;104;6901;1;Saliente
2;131;6908;1;Saliente
2;225;6915;1;Saliente
1;30;6927;1;Saliente
12;568;6927;1;Saliente
1;30;6927;1;Saliente
1;442;6939;1;Saliente
1;71;6950;1;Saliente
1;217;6950;1;Saliente
1;35;6975;1;Saliente
3;92;6993;1;Saliente
1;30;6993;1;Saliente
1;30;6993;1;Saliente
1;203;7027;1;Saliente
1;30;7027;1;Saliente
2;1413;7029;1;Saliente
2;60;7029;1;Saliente
5;1589;7029;1;Saliente
3;1414;7029;1;Saliente
3;416;7029;1;Saliente
2;1223;7029;1;Saliente
3;714;7045;1;Saliente
1;30;7049;1;Saliente
1;30;7049;1;Saliente
18;788;7078;1;Saliente
5;779;7078;1;Saliente
1;48;7078;1;Saliente
2;135;7078;1;Saliente
3;303;7078;1;Saliente
6;293;7078;1;Saliente
1;30;7087;1;Saliente
1;30;7101;1;Saliente
1;30;7101;1;Saliente
1;30;7137;1;Saliente
2;95;7154;1;Saliente
1;30;7154;1;Saliente
2;65;7154;1;Saliente
18;1019;7161;1;Saliente
1;142;7161;1;Saliente
1;30;7161;1;Saliente
1;98;7161;1;Saliente
1;30;7176;1;Saliente
7;2882;7212;1;Saliente
2;2117;7212;1;Saliente
1;30;7232;1;Saliente
1;38;7232;1;Saliente
4;592;7232;1;Saliente
2;103;7256;1;Saliente
1;30;7260;1;Saliente
1;62;7260;1;Saliente
3;90;7260;1;Saliente
1;30;7284;1;Saliente
1;55;7287;1;Saliente
1;56;7287;1;Saliente
2;127;7292;1;Saliente
3;121;7292;1;Saliente
1;30;7292;1;Saliente
3;193;7317;1;Saliente
1;30;7325;1;Saliente
10;337;7337;1;Saliente
1;839;7337;1;Saliente
1;123;7366;1;Saliente
1;1200;7366;1;Saliente
4;330;7390;1;Saliente
1;32;7393;1;Saliente
1;47;7393;1;Saliente
2;60;7419;1;Saliente
1;30;7419;1;Saliente
3;90;7419;1;Saliente
4;256;7419;1;Saliente
1;31;7431;1;Saliente
9;540;7432;1;Saliente
12;736;7432;1;Saliente
7;570;7432;1;Saliente
18;1484;7432;1;Saliente
1;131;7432;1;Saliente
3;819;7432;1;Saliente
8;943;7432;1;Saliente
4;691;7438;1;Saliente
1;57;7458;1;Saliente
3;281;7474;1;Saliente
1;82;7477;1;Saliente
1;30;7500;1;Saliente
1;44;7500;1;Saliente
1;30;7528;1;Saliente
2;60;7549;1;Saliente
1;30;7549;1;Saliente
1;40;7549;1;Saliente
2;60;7549;1;Saliente
1;30;7560;1;Saliente
1;30;7564;1;Saliente
2;60;7565;1;Saliente
1;54;7580;1;Saliente
8;281;7581;1;Saliente
1;57;7585;1;Saliente
3;90;7585;1;Saliente
1;30;7587;1;Saliente
3;95;7588;1;Saliente
1;30;7588;1;Saliente
1;30;7588;1;Saliente
1;1233;7591;1;Saliente
12;360;7592;1;Saliente
1;30;7595;1;Saliente
1;30;7595;1;Saliente
6;280;7595;1;Saliente
2;61;7595;1;Saliente
1;30;7608;1;Saliente
4;131;7617;1;Saliente
1;87;7617;1;Saliente
3;164;7626;1;Saliente
1;30;7626;1;Saliente
10;383;7635;1;Saliente
1;187;7635;1;Saliente
7;2428;7714;1;Saliente
7;1375;7749;1;Saliente
2;97;7749;1;Saliente
1;928;7749;1;Saliente
1;963;7754;1;Saliente
2;60;7761;1;Saliente
1;47;7764;1;Saliente
1;47;7764;1;Saliente
1;110;7772;1;Saliente
3;887;7801;1;Saliente
1;930;7801;1;Saliente
2;60;7802;1;Saliente
1;30;7815;1;Saliente
1;276;7820;1;Saliente
1;48;7835;1;Saliente
1;30;7835;1;Saliente
4;120;7861;1;Saliente
1;325;7863;1;Saliente
1;66;7898;1;Saliente
1;30;7930;1;Saliente
3;96;7930;1;Saliente
1;30;7943;1;Saliente
2;268;7961;1;Saliente
1;194;7997;1;Saliente
2;65;8007;1;Saliente
4;128;8010;1;Saliente
1;33;8010;1;Saliente
6;707;8010;1;Saliente
4;280;8010;1;Saliente
2;71;8010;1;Saliente
1;419;8010;1;Saliente
3;117;8020;1;Saliente
1;38;8020;1;Saliente
1;30;8022;1;Saliente
1;116;8022;1;Saliente
4;336;8022;1;Saliente
1;30;8026;1;Saliente
1;172;8028;1;Saliente
1;30;8041;1;Saliente
1;120;8041;1;Saliente
1;276;8063;1;Saliente
1;285;8110;1;Saliente
2;103;8113;1;Saliente
3;90;8143;1;Saliente
2;90;8143;1;Saliente
2;1344;8144;1;Saliente
3;110;8147;1;Saliente
1;267;8147;1;Saliente
1;37;8148;1;Saliente
3;122;8148;1;Saliente
1;36;8148;1;Saliente
8;578;8148;1;Saliente
2;60;8148;1;Saliente
1;58;8149;1;Saliente
1;30;8180;1;Saliente
1;30;8194;1;Saliente
2;128;8196;1;Saliente
4;120;8212;1;Saliente
3;282;8213;1;Saliente
1;98;8219;1;Saliente
2;325;8220;1;Saliente
11;491;8259;1;Saliente
3;95;8273;1;Saliente
1;30;8273;1;Saliente
1;245;8275;1;Saliente
1;469;8275;1;Saliente
1;37;8284;1;Saliente
1;30;8288;1;Saliente
1;60;8288;1;Saliente
1;30;8347;1;Saliente
1;30;8347;1;Saliente
1;139;8363;1;Saliente
1;30;8376;1;Saliente
2;60;8376;1;Saliente
2;60;8376;1;Saliente
1;526;8377;1;Saliente
2;87;8389;1;Saliente
2;64;8391;1;Saliente
2;86;8407;1;Saliente
3;96;8416;1;Saliente
9;309;8416;1;Saliente
1;193;8418;1;Saliente
2;62;8418;1;Saliente
1;32;8418;1;Saliente
3;102;8420;1;Saliente
1;30;8421;1;Saliente
1;77;8421;1;Saliente
3;231;8423;1;Saliente
20;1681;8423;1;Saliente
2;60;8423;1;Saliente
3;90;8436;1;Saliente
4;186;8436;1;Saliente
3;187;8436;1;Saliente
22;1880;8448;1;Saliente
1;127;8448;1;Saliente
1;30;8466;1;Saliente
1;69;8481;1;Saliente
1;30;8499;1;Saliente
1;35;8499;1;Saliente
1;37;8501;1;Saliente
1;116;8540;1;Saliente
1;30;8557;1;Saliente
4;255;8566;1;Saliente
1;484;8566;1;Saliente
1;30;8566;1;Saliente
8;730;8566;1;Saliente
1;30;8574;1;Saliente
2;263;8574;1;Saliente
4;372;8587;1;Saliente
3;132;8617;1;Saliente
9;1037;8617;1;Saliente
1;72;8617;1;Saliente
4;428;8617;1;Saliente
2;108;8617;1;Saliente
11;782;8617;1;Saliente
3;173;8617;1;Saliente
4;308;8621;1;Saliente
11;427;8621;1;Saliente
3;105;8629;1;Saliente
1;31;8653;1;Saliente
1;30;8654;1;Saliente
1;30;8654;1;Saliente
1;132;8659;1;Saliente
1;450;8668;1;Saliente
2;66;8688;1;Saliente
7;220;8696;1;Saliente
4;124;8696;1;Saliente
1;30;8696;1;Saliente
7;280;8696;1;Saliente
1;30;8732;1;Saliente
1;54;8749;1;Saliente
1;30;8752;1;Saliente
3;90;8752;1;Saliente
1;30;8753;1;Saliente
1;30;8757;1;Saliente
1;30;8758;1;Saliente
1;30;8787;1;Saliente
2;60;8798;1;Saliente
1;30;8811;1;Saliente
6;180;8827;1;Saliente
2;60;8830;1;Saliente
4;204;8838;1;Saliente
10;986;8838;1;Saliente
1;30;8840;1;Saliente
1;48;8841;1;Saliente
1;60;8845;1;Saliente
1;44;8845;1;Saliente
1;30;8850;1;Saliente
1;30;8854;1;Saliente
1;30;8856;1;Saliente
2;60;8856;1;Saliente
1;168;8860;1;Saliente
1;240;8863;1;Saliente
4;617;8883;1;Saliente
1;30;8883;1;Saliente
1;31;8883;1;Saliente
4;375;8883;1;Saliente
1;844;8886;1;Saliente
2;60;8890;1;Saliente
1;35;8902;1;Saliente
1;30;8902;1;Saliente
1;102;8902;1;Saliente
2;157;8902;1;Saliente
1;30;8903;1;Saliente
1;30;8903;1;Saliente
1;30;8903;1;Saliente
1;435;8903;1;Saliente
9;2003;8903;1;Saliente
1;30;8903;1;Saliente
6;401;8915;1;Saliente
4;228;8915;1;Saliente
4;120;8918;1;Saliente
1;30;8918;1;Saliente
1;30;8922;1;Saliente
3;202;8935;1;Saliente
1;970;8938;1;Saliente
1;61;8971;1;Saliente
1;120;8996;1;Saliente
1;30;8999;1;Saliente
1;319;9000;1;Saliente
1;439;9000;1;Saliente
2;133;9003;1;Saliente
2;94;9046;1;Saliente
1;104;9048;1;Saliente
2;218;9048;1;Saliente
3;90;9048;1;Saliente
1;84;9059;1;Saliente
2;155;9065;1;Saliente
1;30;9065;1;Saliente
3;123;9065;1;Saliente
1;30;9065;1;Saliente
14;466;9066;1;Saliente
1;30;9068;1;Saliente
1;30;9068;1;Saliente
1;150;9068;1;Saliente
1;36;9070;1;Saliente
5;204;9077;1;Saliente
5;157;9094;1;Saliente
1;232;9103;1;Saliente
1;30;9110;1;Saliente
19;1731;9110;1;Saliente
3;249;9110;1;Saliente
3;286;9118;1;Saliente
1;30;9122;1;Saliente
1;30;9122;1;Saliente
2;95;9122;1;Saliente
2;186;9136;1;Saliente
1;30;9136;1;Saliente
1;30;9136;1;Saliente
1;115;9136;1;Saliente
1;30;9167;1;Saliente
1;75;9167;1;Saliente
1;30;9171;1;Saliente
2;60;9222;1;Saliente
1;108;9222;1;Saliente
1;88;9229;1;Saliente
1;49;9229;1;Saliente
12;932;9229;1;Saliente
4;128;9229;1;Saliente
1;30;9244;1;Saliente
1;30;9244;1;Saliente
3;119;9244;1;Saliente
1;30;9244;1;Saliente
2;91;9245;1;Saliente
1;97;9245;1;Saliente
20;631;9274;1;Saliente
1;186;9277;1;Saliente
1;102;9296;1;Saliente
2;330;9313;1;Saliente
2;367;9313;1;Saliente
1;30;9321;1;Saliente
1;280;9321;1;Saliente
1;154;9321;1;Saliente
2;60;9321;1;Saliente
2;219;9321;1;Saliente
1;383;9321;1;Saliente
3;122;9342;1;Saliente
1;30;9344;1;Saliente
1;86;9344;1;Saliente
1;37;9344;1;Saliente
1;45;9346;1;Saliente
1;30;9346;1;Saliente
6;305;9354;1;Saliente
1;30;9377;1;Saliente
2;468;9379;1;Saliente
6;735;9379;1;Saliente
1;411;9380;1;Saliente
5;265;9380;1;Saliente
1;54;9381;1;Saliente
1;30;9396;1;Saliente
5;237;9399;1;Saliente
1;30;9399;1;Saliente
1;65;9406;1;Saliente
1;157;9418;1;Saliente
5;877;9425;1;Saliente
1;91;9425;1;Saliente
1;30;9452;1;Saliente
2;73;9464;1;Saliente
2;749;9503;1;Saliente
1;987;9503;1;Saliente
7;235;9525;1;Saliente
4;176;9525;1;Saliente
1;30;9525;1;Saliente
1;30;9525;1;Saliente
1;34;9525;1;Saliente
7;465;9527;1;Saliente
2;240;9549;1;Saliente
3;90;9549;1;Saliente
1;30;9557;1;Saliente
1;696;9585;1;Saliente
3;165;9585;1;Saliente
1;30;9585;1;Saliente
1;1077;9585;1;Saliente
5;215;9587;1;Saliente
1;44;9587;1;Saliente
1;784;9610;1;Saliente
3;138;9615;1;Saliente
4;240;9617;1;Saliente
1;49;9617;1;Saliente
1;215;9620;1;Saliente
1;35;9621;1;Saliente
9;481;9621;1;Saliente
7;210;9621;1;Saliente
1;41;9631;1;Saliente
1;67;9631;1;Saliente
4;200;9658;1;Saliente
1;42;9658;1;Saliente
2;60;9695;1;Saliente
1;30;9695;1;Saliente
1;180;9701;1;Saliente
1;285;9702;1;Saliente
1;121;9705;1;Saliente
2;60;9712;1;Saliente
1;95;9712;1;Saliente
2;173;9712;1;Saliente
2;450;9712;1;Saliente
1;30;9718;1;Saliente
1;38;9732;1;Saliente
1;130;9749;1;Saliente
1;30;9756;1;Saliente
1;285;9760;1;Saliente
1;30;9763;1;Saliente
1;84;9780;1;Saliente
13;1030;9802;1;Saliente
1;42;9802;1;Saliente
1;90;9810;1;Saliente
1;30;9820;1;Saliente
36;14411;9869;1;Saliente
1;187;9874;1;Saliente
1;30;9878;1;Saliente
1;30;9880;1;Saliente
1;30;9880;1;Saliente
1;30;9880;1;Saliente
1;30;9880;1;Saliente
1;30;9880;1;Saliente
4;145;9880;1;Saliente
17;559;9880;1;Saliente
3;90;9880;1;Saliente
1;30;9880;1;Saliente
2;134;9880;1;Saliente
5;223;9880;1;Saliente
3;93;9880;1;Saliente
1;30;9944;1;Saliente
1;30;9944;1;Saliente
1;31;9955;1;Saliente
2;70;9962;1;Saliente
2;60;10007;1;Saliente
1;216;10059;1;Saliente
1;30;10068;1;Saliente
1;52;10082;1;Saliente
28;936;10096;1;Saliente
1;30;10096;1;Saliente
8;592;10096;1;Saliente
1;30;10097;1;Saliente
1;86;10097;1;Saliente
2;79;10106;1;Saliente
1;772;10106;1;Saliente
4;365;10139;1;Saliente
1;33;10139;1;Saliente
16;981;10139;1;Saliente
2;93;10141;1;Saliente
1;49;10141;1;Saliente
1;30;10141;1;Saliente
1;30;10145;1;Saliente
1;30;10152;1;Saliente
2;60;10215;1;Saliente
1;30;10225;1;Saliente
1;711;10228;1;Saliente
2;60;10243;1;Saliente
4;139;10253;1;Saliente
7;210;10253;1;Saliente
1;30;10253;1;Saliente
1;285;10295;1;Saliente
1;80;10299;1;Saliente
1;74;10318;1;Saliente
1;61;10320;1;Saliente
1;249;10351;1;Saliente
1;30;10353;1;Saliente
3;90;10368;1;Saliente
1;809;10368;1;Saliente
1;55;10385;1;Saliente
1;30;10415;1;Saliente
1;30;10453;1;Saliente
2;60;10453;1;Saliente
1;30;10453;1;Saliente
1;30;10456;1;Saliente
1;377;10474;1;Saliente
1;151;10485;1;Saliente
1;59;10485;1;Saliente
2;230;10510;1;Saliente
1;41;10510;1;Saliente
4;145;10543;1;Saliente
4;204;10543;1;Saliente
1;96;10559;1;Saliente
1;553;10579;1;Saliente
1;30;6003;2;Saliente
1;108;6003;2;Saliente
4;478;6003;2;Saliente
1;31;6003;2;Saliente
1;673;6003;2;Saliente
2;234;6014;2;Saliente
1;38;6014;2;Saliente
2;509;6049;2;Saliente
1;77;6049;2;Saliente
2;82;6049;2;Saliente
5;197;6049;2;Saliente
1;1162;6049;2;Saliente
1;248;6088;2;Saliente
1;37;6105;2;Saliente
1;87;6114;2;Saliente
1;30;6126;2;Saliente
1;384;6138;2;Saliente
1;30;6138;2;Saliente
1;30;6143;2;Saliente
3;146;6166;2;Saliente
2;76;6166;2;Saliente
1;30;6166;2;Saliente
2;60;6166;2;Saliente
1;157;6198;2;Saliente
1;256;6198;2;Saliente
1;30;6211;2;Saliente
1;30;6218;2;Saliente
8;276;6218;2;Saliente
1;30;6237;2;Saliente
2;145;6246;2;Saliente
1;154;6257;2;Saliente
2;122;6257;2;Saliente
3;1161;6286;2;Saliente
2;99;6330;2;Saliente
1;30;6330;2;Saliente
1;122;6342;2;Saliente
1;146;6417;2;Saliente
1;1200;6417;2;Saliente
33;5951;6438;2;Saliente
2;60;6438;2;Saliente
1;216;6438;2;Saliente
8;362;6454;2;Saliente
1;38;6454;2;Saliente
15;5696;6456;2;Saliente
3;242;6498;2;Saliente
1;43;6498;2;Saliente
1;30;6498;2;Saliente
4;566;6512;2;Saliente
1;162;6512;2;Saliente
1;613;6512;2;Saliente
1;38;6512;2;Saliente
1;33;6543;2;Saliente
1;233;6548;2;Saliente
1;1011;6551;2;Saliente
1;205;6568;2;Saliente
1;261;6595;2;Saliente
1;39;6596;2;Saliente
1;289;6603;2;Saliente
1;33;6606;2;Saliente
1;30;6606;2;Saliente
1;444;6614;2;Saliente
1;30;6622;2;Saliente
1;89;6622;2;Saliente
2;60;6672;2;Saliente
4;173;6709;2;Saliente
3;488;6816;2;Saliente
1;428;6816;2;Saliente
1;870;6816;2;Saliente
1;30;6832;2;Saliente
1;956;6841;2;Saliente
1;56;6858;2;Saliente
1;1000;6895;2;Saliente
1;30;6901;2;Saliente
9;482;6927;2;Saliente
1;30;6927;2;Saliente
1;30;6931;2;Saliente
1;30;6936;2;Saliente
1;31;6939;2;Saliente
1;30;6940;2;Saliente
2;78;6950;2;Saliente
11;867;6950;2;Saliente
2;373;6950;2;Saliente
12;973;6950;2;Saliente
1;151;6950;2;Saliente
8;697;6950;2;Saliente
3;299;6950;2;Saliente
1;66;6950;2;Saliente
49;5444;6950;2;Saliente
16;1023;6950;2;Saliente
14;3426;6950;2;Saliente
4;120;6950;2;Saliente
1;30;6950;2;Saliente
1;583;6950;2;Saliente
1;85;6953;2;Saliente
2;274;6955;2;Saliente
1;299;7029;2;Saliente
2;364;7029;2;Saliente
1;69;7029;2;Saliente
15;1742;7029;2;Saliente
1;295;7029;2;Saliente
3;1324;7029;2;Saliente
3;99;7078;2;Saliente
4;392;7078;2;Saliente
2;195;7078;2;Saliente
1;165;7078;2;Saliente
1;30;7078;2;Saliente
3;200;7137;2;Saliente
1;292;7161;2;Saliente
2;572;20;2;Saliente
3;161;20;2;Saliente
1;848;20;2;Saliente
1;101;21;2;Saliente
1;240;43;2;Saliente
1;30;43;2;Saliente
3;151;47;2;Saliente
1;30;74;2;Saliente
1;440;74;2;Saliente
1;30;74;2;Saliente
1;470;74;2;Saliente
1;30;114;2;Saliente
1;30;174;2;Saliente
1;82;214;2;Saliente
7;756;214;2;Saliente
1;94;214;2;Saliente
1;180;293;2;Saliente
1;30;312;2;Saliente
2;60;319;2;Saliente
1;30;331;2;Saliente
2;60;405;2;Saliente
1;30;421;2;Saliente
2;200;500;2;Saliente
1;403;613;2;Saliente
1;46;619;2;Saliente
2;72;675;2;Saliente
1;541;698;2;Saliente
1;30;724;2;Saliente
1;206;739;2;Saliente
1;30;755;2;Saliente
1;85;818;2;Saliente
1;30;821;2;Saliente
2;407;827;2;Saliente
2;114;827;2;Saliente
2;277;827;2;Saliente
1;30;827;2;Saliente
1;30;827;2;Saliente
1;75;828;2;Saliente
1;398;834;2;Saliente
5;400;838;2;Saliente
1;192;838;2;Saliente
3;953;838;2;Saliente
10;598;866;2;Saliente
2;141;866;2;Saliente
1;30;866;2;Saliente
1;311;866;2;Saliente
2;60;893;2;Saliente
1;120;1213;2;Saliente
1;30;1248;2;Saliente
2;60;1299;2;Saliente
4;757;1311;2;Saliente
1;30;1314;2;Saliente
18;2139;1347;2;Saliente
1;30;1369;2;Saliente
2;60;1369;2;Saliente
1;30;1369;2;Saliente
2;987;1369;2;Saliente
4;150;1391;2;Saliente
3;174;1406;2;Saliente
1;91;1433;2;Saliente
4;120;1433;2;Saliente
3;1229;1433;2;Saliente
4;120;1433;2;Saliente
1;149;1433;2;Saliente
1;1200;1433;2;Saliente
1;30;1439;2;Saliente
10;535;1507;2;Saliente
4;172;1517;2;Saliente
1;43;1517;2;Saliente
6;204;1517;2;Saliente
1;302;1517;2;Saliente
2;89;1517;2;Saliente
7;1081;1524;2;Saliente
1;30;1644;2;Saliente
1;391;1646;2;Saliente
1;200;1689;2;Saliente
1;30;1700;2;Saliente
1;1044;1709;2;Saliente
1;172;1710;2;Saliente
1;30;1726;2;Saliente
1;42;1726;2;Saliente
3;783;1726;2;Saliente
5;375;1726;2;Saliente
8;248;1726;2;Saliente
2;460;1726;2;Saliente
3;417;1768;2;Saliente
1;30;1787;2;Saliente
1;69;1805;2;Saliente
3;1334;1828;2;Saliente
1;30;1839;2;Saliente
1;240;1860;2;Saliente
1;167;1876;2;Saliente
2;90;1876;2;Saliente
1;30;1876;2;Saliente
1;255;1877;2;Saliente
1;1149;1877;2;Saliente
4;179;1890;2;Saliente
5;247;1898;2;Saliente
1;384;1922;2;Saliente
2;530;2002;2;Saliente
8;3221;2002;2;Saliente
1;44;2006;2;Saliente
1;639;2049;2;Saliente
1;53;2085;2;Saliente
1;266;2088;2;Saliente
2;413;2088;2;Saliente
1;30;2099;2;Saliente
3;90;2162;2;Saliente
1;51;2165;2;Saliente
1;30;2248;2;Saliente
7;704;2264;2;Saliente
1;112;2264;2;Saliente
3;261;2265;2;Saliente
45;1362;2276;2;Saliente
2;1709;2276;2;Saliente
2;60;2280;2;Saliente
1;30;2290;2;Saliente
3;232;2320;2;Saliente
1;43;2333;2;Saliente
1;30;2380;2;Saliente
1;30;2381;2;Saliente
2;637;2476;2;Saliente
3;291;2476;2;Saliente
1;592;2476;2;Saliente
3;112;2511;2;Saliente
1;54;2562;2;Saliente
3;636;2562;2;Saliente
1;547;2562;2;Saliente
1;89;2562;2;Saliente
1;98;2590;2;Saliente
1;30;2672;2;Saliente
1;30;2682;2;Saliente
1;192;2684;2;Saliente
9;2105;2687;2;Saliente
7;549;2687;2;Saliente
1;30;2687;2;Saliente
1;30;2687;2;Saliente
1;164;2687;2;Saliente
1;126;2687;2;Saliente
3;972;2687;2;Saliente
1;582;2687;2;Saliente
1;30;2698;2;Saliente
4;209;2721;2;Saliente
1;91;2748;2;Saliente
1;237;2807;2;Saliente
1;30;2836;2;Saliente
1;138;2836;2;Saliente
1;717;2847;2;Saliente
10;1117;2890;2;Saliente
2;361;2890;2;Saliente
1;30;2897;2;Saliente
6;604;2920;2;Saliente
1;1240;2920;2;Saliente
1;30;2921;2;Saliente
1;38;2947;2;Saliente
2;93;2947;2;Saliente
1;30;2947;2;Saliente
1;30;2963;2;Saliente
1;30;2986;2;Saliente
2;60;3048;2;Saliente
1;30;3048;2;Saliente
1;556;3048;2;Saliente
1;60;3060;2;Saliente
1;30;3062;2;Saliente
1;30;3063;2;Saliente
9;557;3063;2;Saliente
4;614;3063;2;Saliente
22;1741;3063;2;Saliente
1;109;3063;2;Saliente
1;730;3063;2;Saliente
6;278;3082;2;Saliente
2;78;3082;2;Saliente
3;452;3082;2;Saliente
3;113;3082;2;Saliente
1;89;3082;2;Saliente
1;30;3082;2;Saliente
1;613;3082;2;Saliente
2;694;3103;2;Saliente
2;60;3112;2;Saliente
1;30;3128;2;Saliente
1;284;3128;2;Saliente
1;324;3128;2;Saliente
1;30;3222;2;Saliente
1;197;3235;2;Saliente
1;30;3256;2;Saliente
1;34;3278;2;Saliente
1;30;3300;2;Saliente
3;2190;3300;2;Saliente
1;30;3311;2;Saliente
1;107;3343;2;Saliente
1;52;3396;2;Saliente
1;30;3427;2;Saliente
6;445;3427;2;Saliente
1;30;3446;2;Saliente
2;1286;3469;2;Saliente
3;208;3498;2;Saliente
1;42;3498;2;Saliente
1;59;3509;2;Saliente
1;727;3515;2;Saliente
1;30;3536;2;Saliente
1;30;3607;2;Saliente
1;30;3625;2;Saliente
4;935;3645;2;Saliente
1;634;3653;2;Saliente
2;119;3655;2;Saliente
1;936;3659;2;Saliente
1;77;3664;2;Saliente
1;317;3707;2;Saliente
5;150;3733;2;Saliente
2;132;3751;2;Saliente
1;30;3751;2;Saliente
3;329;3762;2;Saliente
1;184;3766;2;Saliente
3;90;3772;2;Saliente
1;30;3791;2;Saliente
2;113;3794;2;Saliente
3;750;3818;2;Saliente
1;162;3855;2;Saliente
1;30;3861;2;Saliente
1;35;3866;2;Saliente
2;190;3885;2;Saliente
2;60;3904;2;Saliente
1;69;3937;2;Saliente
4;1050;3944;2;Saliente
1;613;3944;2;Saliente
1;30;3968;2;Saliente
2;117;3990;2;Saliente
1;1204;4066;2;Saliente
5;288;4091;2;Saliente
1;30;4091;2;Saliente
1;44;4091;2;Saliente
7;210;4091;2;Saliente
1;412;4091;2;Saliente
1;88;4116;2;Saliente
1;32;4177;2;Saliente
1;30;4177;2;Saliente
1;33;4177;2;Saliente
2;400;4197;2;Saliente
7;1873;4202;2;Saliente
1;408;4202;2;Saliente
1;285;4233;2;Saliente
17;7333;4248;2;Saliente
4;1168;4248;2;Saliente
1;60;4275;2;Saliente
4;129;4308;2;Saliente
1;42;4308;2;Saliente
1;121;4308;2;Saliente
1;30;4315;2;Saliente
3;256;4341;2;Saliente
1;251;4341;2;Saliente
1;76;4463;2;Saliente
2;96;4488;2;Saliente
1;30;4496;2;Saliente
1;30;4520;2;Saliente
1;84;4534;2;Saliente
2;87;4534;2;Saliente
5;426;4534;2;Saliente
1;30;4550;2;Saliente
1;30;4568;2;Saliente
1;30;4573;2;Saliente
1;1026;4586;2;Saliente
1;334;4612;2;Saliente
1;30;4617;2;Saliente
1;61;4677;2;Saliente
1;30;4722;2;Saliente
1;46;4723;2;Saliente
1;38;4739;2;Saliente
1;200;4741;2;Saliente
1;30;4791;2;Saliente
2;60;4870;2;Saliente
2;60;4895;2;Saliente
7;245;4920;2;Saliente
2;64;4920;2;Saliente
1;30;4954;2;Saliente
1;30;5062;2;Saliente
1;30;5069;2;Saliente
1;125;5091;2;Saliente
1;30;5108;2;Saliente
1;219;5114;2;Saliente
1;1200;5114;2;Saliente
18;4465;5117;2;Saliente
1;564;5123;2;Saliente
1;120;5150;2;Saliente
1;30;5156;2;Saliente
1;34;5156;2;Saliente
1;216;5156;2;Saliente
2;131;5178;2;Saliente
1;30;5178;2;Saliente
9;2513;5197;2;Saliente
1;62;5197;2;Saliente
1;30;5197;2;Saliente
1;60;5239;2;Saliente
2;689;5239;2;Saliente
1;30;5239;2;Saliente
2;293;5242;2;Saliente
2;219;5242;2;Saliente
1;572;5270;2;Saliente
1;1070;5270;2;Saliente
1;30;5271;2;Saliente
3;90;5271;2;Saliente
1;30;5271;2;Saliente
1;1189;5276;2;Saliente
1;69;5296;2;Saliente
5;1366;5296;2;Saliente
1;1200;5296;2;Saliente
1;30;5305;2;Saliente
1;30;5310;2;Saliente
1;78;5323;2;Saliente
1;30;5328;2;Saliente
1;53;5368;2;Saliente
1;351;5418;2;Saliente
7;743;5418;2;Saliente
1;480;5422;2;Saliente
2;60;5448;2;Saliente
1;703;5448;2;Saliente
1;1133;5448;2;Saliente
1;48;5510;2;Saliente
1;361;5525;2;Saliente
1;146;5529;2;Saliente
3;148;5532;2;Saliente
1;32;5576;2;Saliente
1;317;5586;2;Saliente
1;30;5590;2;Saliente
1;69;5601;2;Saliente
1;86;5637;2;Saliente
1;176;5637;2;Saliente
1;478;5637;2;Saliente
1;52;5638;2;Saliente
10;2153;5641;2;Saliente
1;1200;5641;2;Saliente
1;30;5652;2;Saliente
1;248;5666;2;Saliente
1;62;5674;2;Saliente
1;450;5674;2;Saliente
1;610;5674;2;Saliente
2;131;5677;2;Saliente
3;595;5677;2;Saliente
1;51;5677;2;Saliente
4;515;5677;2;Saliente
1;30;5677;2;Saliente
1;30;5677;2;Saliente
4;148;5677;2;Saliente
1;30;5677;2;Saliente
1;586;5677;2;Saliente
1;55;5682;2;Saliente
1;140;5684;2;Saliente
1;53;5698;2;Saliente
1;540;5715;2;Saliente
1;220;5747;2;Saliente
1;36;5747;2;Saliente
1;253;5747;2;Saliente
1;30;5816;2;Saliente
1;30;5817;2;Saliente
1;30;5817;2;Saliente
2;60;5817;2;Saliente
10;354;5817;2;Saliente
1;477;5817;2;Saliente
4;866;5820;2;Saliente
3;1497;5851;2;Saliente
1;30;5861;2;Saliente
1;65;5862;2;Saliente
2;272;5863;2;Saliente
4;550;5872;2;Saliente
1;30;5880;2;Saliente
1;30;5932;2;Saliente
1;249;5954;2;Saliente
3;301;5954;2;Saliente
2;409;5954;2;Saliente
2;60;7198;2;Saliente
1;47;7214;2;Saliente
1;1215;7214;2;Saliente
1;120;7222;2;Saliente
1;33;7223;2;Saliente
5;383;7232;2;Saliente
1;30;7241;2;Saliente
1;155;7241;2;Saliente
1;82;7241;2;Saliente
4;120;7260;2;Saliente
1;75;7260;2;Saliente
3;484;7376;2;Saliente
1;884;7376;2;Saliente
1;30;7379;2;Saliente
5;236;7419;2;Saliente
3;108;7419;2;Saliente
1;30;7419;2;Saliente
1;38;7419;2;Saliente
2;60;7432;2;Saliente
3;151;7432;2;Saliente
1;149;7432;2;Saliente
3;90;7432;2;Saliente
1;61;7432;2;Saliente
3;243;7432;2;Saliente
2;393;7432;2;Saliente
4;615;7432;2;Saliente
2;355;7474;2;Saliente
1;30;7474;2;Saliente
1;87;7476;2;Saliente
1;878;7483;2;Saliente
3;90;7497;2;Saliente
1;794;7497;2;Saliente
1;103;7500;2;Saliente
1;31;7500;2;Saliente
1;30;7519;2;Saliente
1;30;7528;2;Saliente
2;315;7531;2;Saliente
1;30;7536;2;Saliente
1;54;7549;2;Saliente
1;56;7549;2;Saliente
1;30;7549;2;Saliente
1;30;7549;2;Saliente
1;115;7572;2;Saliente
1;1200;7572;2;Saliente
1;1234;7577;2;Saliente
1;38;7585;2;Saliente
1;61;7588;2;Saliente
5;303;7588;2;Saliente
1;30;7588;2;Saliente
1;619;7595;2;Saliente
2;697;7595;2;Saliente
4;433;7595;2;Saliente
1;70;7597;2;Saliente
1;240;7609;2;Saliente
1;775;7617;2;Saliente
2;124;7626;2;Saliente
1;30;7626;2;Saliente
2;60;7626;2;Saliente
2;60;7626;2;Saliente
1;290;7626;2;Saliente
1;375;7646;2;Saliente
16;768;7677;2;Saliente
1;1200;7677;2;Saliente
1;277;7714;2;Saliente
1;30;7731;2;Saliente
7;1014;7749;2;Saliente
1;30;7755;2;Saliente
2;60;7761;2;Saliente
1;30;7796;2;Saliente
4;160;7802;2;Saliente
1;30;7802;2;Saliente
1;200;7811;2;Saliente
1;89;7815;2;Saliente
1;71;7815;2;Saliente
1;30;7817;2;Saliente
1;41;7824;2;Saliente
1;39;7824;2;Saliente
1;61;7846;2;Saliente
1;30;7861;2;Saliente
3;467;7863;2;Saliente
2;600;7908;2;Saliente
1;535;7908;2;Saliente
2;145;7923;2;Saliente
1;35;7923;2;Saliente
1;41;7923;2;Saliente
1;30;7997;2;Saliente
5;1002;8064;2;Saliente
7;624;8064;2;Saliente
1;170;8064;2;Saliente
1;34;8118;2;Saliente
1;30;8123;2;Saliente
4;1018;8148;2;Saliente
1;38;8148;2;Saliente
7;1035;8148;2;Saliente
1;30;8148;2;Saliente
10;954;8148;2;Saliente
7;210;8196;2;Saliente
2;90;8198;2;Saliente
1;110;8198;2;Saliente
1;200;8205;2;Saliente
3;90;8212;2;Saliente
1;31;8215;2;Saliente
1;30;8221;2;Saliente
1;132;8236;2;Saliente
2;60;8273;2;Saliente
2;60;8273;2;Saliente
1;44;8288;2;Saliente
1;30;8366;2;Saliente
1;153;8389;2;Saliente
6;388;8423;2;Saliente
2;254;8423;2;Saliente
14;2890;8423;2;Saliente
1;93;8423;2;Saliente
59;5686;8423;2;Saliente
4;155;8423;2;Saliente
2;60;8423;2;Saliente
1;262;8423;2;Saliente
12;997;8423;2;Saliente
6;1127;8423;2;Saliente
2;60;8434;2;Saliente
1;86;8436;2;Saliente
12;458;8436;2;Saliente
1;66;8436;2;Saliente
1;30;8436;2;Saliente
9;485;8446;2;Saliente
1;172;8446;2;Saliente
1;432;8446;2;Saliente
1;91;8465;2;Saliente
1;60;8465;2;Saliente
1;169;8473;2;Saliente
1;30;8473;2;Saliente
2;71;8479;2;Saliente
1;267;8488;2;Saliente
4;761;8497;2;Saliente
1;30;8501;2;Saliente
1;120;8528;2;Saliente
1;30;8572;2;Saliente
1;330;8572;2;Saliente
3;566;8572;2;Saliente
1;103;8574;2;Saliente
3;139;8574;2;Saliente
8;1858;8587;2;Saliente
3;90;8621;2;Saliente
1;47;8621;2;Saliente
1;42;8640;2;Saliente
1;228;8642;2;Saliente
1;240;8642;2;Saliente
1;30;8654;2;Saliente
1;30;8654;2;Saliente
2;183;8662;2;Saliente
1;36;8662;2;Saliente
1;464;8662;2;Saliente
1;54;8676;2;Saliente
1;141;8678;2;Saliente
1;30;8696;2;Saliente
1;30;8750;2;Saliente
2;278;8750;2;Saliente
1;31;8753;2;Saliente
1;30;8798;2;Saliente
2;798;8852;2;Saliente
1;207;8854;2;Saliente
2;1469;8903;2;Saliente
2;255;8903;2;Saliente
11;3232;8903;2;Saliente
1;98;8903;2;Saliente
2;1677;8903;2;Saliente
1;38;8905;2;Saliente
2;62;8905;2;Saliente
1;103;8922;2;Saliente
3;180;8950;2;Saliente
1;30;8994;2;Saliente
1;226;9032;2;Saliente
1;41;9046;2;Saliente
1;30;9048;2;Saliente
3;219;9048;2;Saliente
2;60;9048;2;Saliente
1;30;9066;2;Saliente
1;32;9066;2;Saliente
5;170;9068;2;Saliente
20;763;9077;2;Saliente
1;129;9077;2;Saliente
1;77;9122;2;Saliente
1;60;9131;2;Saliente
1;30;9136;2;Saliente
2;60;9136;2;Saliente
2;89;9136;2;Saliente
2;86;9136;2;Saliente
1;43;9156;2;Saliente
1;379;9160;2;Saliente
1;30;9165;2;Saliente
3;735;9167;2;Saliente
3;108;9168;2;Saliente
2;119;9228;2;Saliente
8;706;9258;2;Saliente
6;572;9258;2;Saliente
2;1301;9258;2;Saliente
1;30;9284;2;Saliente
1;30;9296;2;Saliente
1;30;9313;2;Saliente
1;605;9317;2;Saliente
2;168;9321;2;Saliente
1;400;9321;2;Saliente
2;259;9321;2;Saliente
1;30;9324;2;Saliente
1;35;9324;2;Saliente
1;859;9324;2;Saliente
2;123;9336;2;Saliente
1;58;9342;2;Saliente
1;103;9342;2;Saliente
1;47;9346;2;Saliente
1;30;9354;2;Saliente
1;30;9354;2;Saliente
1;182;9354;2;Saliente
1;108;9379;2;Saliente
3;93;9380;2;Saliente
1;30;9380;2;Saliente
1;30;9411;2;Saliente
1;46;9425;2;Saliente
1;30;9431;2;Saliente
5;188;9464;2;Saliente
1;30;9491;2;Saliente
2;92;9525;2;Saliente
1;58;9525;2;Saliente
1;30;9542;2;Saliente
2;63;9542;2;Saliente
1;30;9605;2;Saliente
1;30;9615;2;Saliente
1;971;9615;2;Saliente
1;30;9632;2;Saliente
1;77;9681;2;Saliente
9;1052;9695;2;Saliente
2;60;9695;2;Saliente
2;60;9712;2;Saliente
4;120;9712;2;Saliente
1;30;9748;2;Saliente
1;74;9754;2;Saliente
1;142;9760;2;Saliente
1;200;9760;2;Saliente
1;30;9790;2;Saliente
5;235;9810;2;Saliente
1;200;9851;2;Saliente
2;129;9857;2;Saliente
19;6592;9869;2;Saliente
1;200;9890;2;Saliente
1;30;9895;2;Saliente
1;272;9911;2;Saliente
1;39;9944;2;Saliente
1;336;9944;2;Saliente
2;64;9944;2;Saliente
1;30;9944;2;Saliente
1;138;9944;2;Saliente
1;107;9944;2;Saliente
1;479;9986;2;Saliente
1;88;10048;2;Saliente
2;1980;10048;2;Saliente
1;30;10068;2;Saliente
3;1277;10072;2;Saliente
1;30;10072;2;Saliente
2;209;10072;2;Saliente
3;579;10072;2;Saliente
3;542;10072;2;Saliente
1;436;10072;2;Saliente
2;60;10074;2;Saliente
3;246;10074;2;Saliente
1;30;10074;2;Saliente
1;142;10074;2;Saliente
1;88;10074;2;Saliente
1;30;10106;2;Saliente
1;30;10133;2;Saliente
1;577;10139;2;Saliente
1;30;10139;2;Saliente
1;898;10139;2;Saliente
1;30;10141;2;Saliente
1;70;10152;2;Saliente
3;322;10185;2;Saliente
1;58;10189;2;Saliente
1;30;10199;2;Saliente
1;30;10214;2;Saliente
1;30;10218;2;Saliente
1;30;10220;2;Saliente
1;51;10235;2;Saliente
1;30;10235;2;Saliente
1;30;10243;2;Saliente
1;64;10243;2;Saliente
1;72;10252;2;Saliente
3;154;10261;2;Saliente
1;285;10278;2;Saliente
3;90;10335;2;Saliente
1;38;10339;2;Saliente
1;30;10352;2;Saliente
1;30;10352;2;Saliente
3;291;10352;2;Saliente
1;816;10365;2;Saliente
1;1200;10365;2;Saliente
2;60;10368;2;Saliente
2;658;10368;2;Saliente
1;866;10368;2;Saliente
1;30;10378;2;Saliente
1;44;10485;2;Saliente
3;457;10485;2;Saliente
1;30;10509;2;Saliente
1;103;10515;2;Saliente
2;338;10524;2;Saliente
4;453;10524;2;Saliente
1;1200;10524;2;Saliente
1;628;10543;2;Saliente
1;30;10559;2;Saliente
1;45;10559;2;Saliente
1;30;10648;2;Saliente
1;132;10769;2;Saliente
1;227;10769;2;Saliente
1;30;10781;2;Saliente
1;30;2;3;Saliente
2;60;16;3;Saliente
1;188;16;3;Saliente
2;60;20;3;Saliente
7;1058;20;3;Saliente
5;207;20;3;Saliente
1;412;20;3;Saliente
1;30;37;3;Saliente
1;632;40;3;Saliente
1;89;42;3;Saliente
3;163;56;3;Saliente
1;30;56;3;Saliente
1;30;69;3;Saliente
2;78;87;3;Saliente
1;576;87;3;Saliente
1;180;92;3;Saliente
1;53;175;3;Saliente
1;30;220;3;Saliente
1;30;251;3;Saliente
1;99;309;3;Saliente
2;72;344;3;Saliente
2;71;350;3;Saliente
1;122;350;3;Saliente
1;85;350;3;Saliente
1;30;371;3;Saliente
1;30;450;3;Saliente
2;271;475;3;Saliente
1;30;475;3;Saliente
2;60;482;3;Saliente
1;129;500;3;Saliente
1;30;554;3;Saliente
1;30;686;3;Saliente
1;362;686;3;Saliente
1;193;698;3;Saliente
1;38;698;3;Saliente
1;269;698;3;Saliente
3;125;724;3;Saliente
1;30;755;3;Saliente
1;30;815;3;Saliente
1;30;827;3;Saliente
1;288;827;3;Saliente
1;395;827;3;Saliente
1;1200;827;3;Saliente
1;40;877;3;Saliente
1;471;883;3;Saliente
5;5069;883;3;Saliente
1;30;890;3;Saliente
3;146;906;3;Saliente
1;30;906;3;Saliente
5;155;906;3;Saliente
1;60;906;3;Saliente
1;398;961;3;Saliente
1;30;999;3;Saliente
1;240;1007;3;Saliente
4;120;1036;3;Saliente
2;64;1046;3;Saliente
1;30;1046;3;Saliente
1;30;1046;3;Saliente
1;77;1079;3;Saliente
1;778;1079;3;Saliente
1;86;1093;3;Saliente
1;47;1093;3;Saliente
1;36;1123;3;Saliente
1;240;1199;3;Saliente
2;151;1199;3;Saliente
2;135;1213;3;Saliente
1;39;1238;3;Saliente
1;54;1238;3;Saliente
1;852;1238;3;Saliente
1;50;1265;3;Saliente
1;30;1295;3;Saliente
1;420;1300;3;Saliente
19;2698;1347;3;Saliente
9;795;1374;3;Saliente
1;135;1374;3;Saliente
2;60;1374;3;Saliente
1;411;1374;3;Saliente
1;128;1374;3;Saliente
1;205;1374;3;Saliente
1;1207;1387;3;Saliente
1;30;1406;3;Saliente
1;30;1428;3;Saliente
1;60;1433;3;Saliente
1;30;1433;3;Saliente
1;185;1433;3;Saliente
1;30;1433;3;Saliente
1;42;1433;3;Saliente
1;564;1433;3;Saliente
1;30;1434;3;Saliente
1;30;1445;3;Saliente
2;222;1517;3;Saliente
1;30;1517;3;Saliente
6;232;1517;3;Saliente
1;439;1517;3;Saliente
10;660;1517;3;Saliente
1;104;1519;3;Saliente
6;1659;1524;3;Saliente
3;337;1524;3;Saliente
1;68;1580;3;Saliente
1;30;1627;3;Saliente
1;66;1643;3;Saliente
5;885;1710;3;Saliente
1;30;1715;3;Saliente
1;30;1726;3;Saliente
4;240;1726;3;Saliente
7;487;1726;3;Saliente
5;1307;1726;3;Saliente
8;785;1726;3;Saliente
13;452;1726;3;Saliente
3;1052;1726;3;Saliente
2;2400;1726;3;Saliente
1;30;1737;3;Saliente
1;95;1741;3;Saliente
2;60;1750;3;Saliente
2;60;1778;3;Saliente
2;452;1805;3;Saliente
1;30;1814;3;Saliente
2;60;1815;3;Saliente
9;1166;1828;3;Saliente
1;1161;1877;3;Saliente
2;105;1894;3;Saliente
3;1100;1922;3;Saliente
11;2500;2002;3;Saliente
2;60;2019;3;Saliente
1;1129;2019;3;Saliente
1;30;2076;3;Saliente
1;59;2094;3;Saliente
1;120;2225;3;Saliente
1;60;2225;3;Saliente
1;48;2251;3;Saliente
6;180;2251;3;Saliente
1;747;2251;3;Saliente
1;84;2352;3;Saliente
1;53;2381;3;Saliente
1;30;2393;3;Saliente
1;200;2427;3;Saliente
1;30;2439;3;Saliente
2;60;2463;3;Saliente
1;35;2497;3;Saliente
1;168;2523;3;Saliente
2;60;2684;3;Saliente
1;86;2684;3;Saliente
2;60;2734;3;Saliente
1;987;2890;3;Saliente
1;131;2911;3;Saliente
1;371;2934;3;Saliente
2;180;2974;3;Saliente
1;1200;2974;3;Saliente
1;382;3039;3;Saliente
3;536;3048;3;Saliente
1;249;3048;3;Saliente
1;30;3059;3;Saliente
7;784;3082;3;Saliente
1;51;3082;3;Saliente
3;90;3082;3;Saliente
1;52;3082;3;Saliente
1;67;3082;3;Saliente
1;30;3095;3;Saliente
1;30;3095;3;Saliente
3;1093;3103;3;Saliente
1;30;3142;3;Saliente
1;70;3142;3;Saliente
1;30;3142;3;Saliente
2;113;3222;3;Saliente
1;240;3300;3;Saliente
1;570;3300;3;Saliente
2;60;3302;3;Saliente
1;30;3388;3;Saliente
1;123;3396;3;Saliente
1;73;3410;3;Saliente
1;30;3523;3;Saliente
1;30;3552;3;Saliente
2;96;3584;3;Saliente
2;60;3584;3;Saliente
1;50;3623;3;Saliente
5;1593;3645;3;Saliente
3;90;3650;3;Saliente
3;114;3650;3;Saliente
2;60;3650;3;Saliente
1;30;3650;3;Saliente
1;154;3650;3;Saliente
2;513;3650;3;Saliente
1;292;3685;3;Saliente
1;30;3693;3;Saliente
1;200;3818;3;Saliente
3;186;3855;3;Saliente
1;73;3855;3;Saliente
1;30;3865;3;Saliente
3;159;3866;3;Saliente
2;60;3887;3;Saliente
14;3072;3895;3;Saliente
2;210;3902;3;Saliente
1;47;3937;3;Saliente
1;70;3968;3;Saliente
2;60;3996;3;Saliente
1;214;4007;3;Saliente
1;77;4038;3;Saliente
1;30;4074;3;Saliente
1;30;4108;3;Saliente
1;127;4113;3;Saliente
1;661;4177;3;Saliente
1;89;4202;3;Saliente
17;886;4202;3;Saliente
1;1053;4202;3;Saliente
1;147;4209;3;Saliente
1;30;4209;3;Saliente
1;155;4209;3;Saliente
8;3270;4248;3;Saliente
1;30;4248;3;Saliente
6;2193;4248;3;Saliente
1;30;4271;3;Saliente
7;793;4271;3;Saliente
1;648;4271;3;Saliente
1;30;4274;3;Saliente
1;53;4275;3;Saliente
3;276;4341;3;Saliente
1;30;4496;3;Saliente
2;69;4496;3;Saliente
1;313;4534;3;Saliente
2;206;4534;3;Saliente
4;287;4534;3;Saliente
2;149;4534;3;Saliente
1;90;4534;3;Saliente
3;90;4613;3;Saliente
3;102;4687;3;Saliente
1;36;4687;3;Saliente
1;166;4688;3;Saliente
1;30;4700;3;Saliente
1;735;4715;3;Saliente
1;78;4721;3;Saliente
1;88;4761;3;Saliente
1;614;4777;3;Saliente
7;2977;4778;3;Saliente
1;30;4778;3;Saliente
1;1093;4778;3;Saliente
1;30;4779;3;Saliente
1;447;4784;3;Saliente
2;195;4819;3;Saliente
1;54;4819;3;Saliente
2;91;4842;3;Saliente
1;41;4857;3;Saliente
1;379;4886;3;Saliente
2;1626;4886;3;Saliente
1;59;4897;3;Saliente
1;507;4897;3;Saliente
1;253;4935;3;Saliente
2;163;4950;3;Saliente
2;101;4959;3;Saliente
1;30;5062;3;Saliente
1;30;5066;3;Saliente
1;30;5069;3;Saliente
1;30;5080;3;Saliente
3;650;5080;3;Saliente
1;643;5080;3;Saliente
8;2227;5117;3;Saliente
3;140;5123;3;Saliente
1;120;5142;3;Saliente
1;60;5146;3;Saliente
2;60;5155;3;Saliente
2;281;5173;3;Saliente
1;237;5173;3;Saliente
1;67;5175;3;Saliente
1;30;5182;3;Saliente
1;200;5192;3;Saliente
1;30;5200;3;Saliente
4;1850;5270;3;Saliente
1;377;5270;3;Saliente
1;89;5327;3;Saliente
1;121;5328;3;Saliente
1;48;5349;3;Saliente
1;30;5349;3;Saliente
1;136;5376;3;Saliente
1;153;5388;3;Saliente
1;30;5418;3;Saliente
1;30;5418;3;Saliente
1;183;5418;3;Saliente
2;60;5418;3;Saliente
1;328;5422;3;Saliente
6;798;5424;3;Saliente
6;961;5424;3;Saliente
1;522;5446;3;Saliente
1;30;5448;3;Saliente
19;3586;5448;3;Saliente
13;592;5448;3;Saliente
1;376;5448;3;Saliente
3;90;5461;3;Saliente
1;35;5461;3;Saliente
3;227;5461;3;Saliente
10;746;5461;3;Saliente
1;854;5461;3;Saliente
1;45;5478;3;Saliente
1;50;5478;3;Saliente
1;60;5493;3;Saliente
1;31;5501;3;Saliente
1;65;5510;3;Saliente
1;240;5522;3;Saliente
1;30;5525;3;Saliente
1;30;5565;3;Saliente
2;774;5579;3;Saliente
1;30;5583;3;Saliente
1;30;5583;3;Saliente
2;131;5601;3;Saliente
1;466;5617;3;Saliente
1;70;5621;3;Saliente
1;867;5648;3;Saliente
1;30;5682;3;Saliente
7;531;5772;3;Saliente
2;493;5772;3;Saliente
1;69;5772;3;Saliente
1;51;5772;3;Saliente
3;90;5772;3;Saliente
6;893;5772;3;Saliente
2;1010;5772;3;Saliente
2;103;5772;3;Saliente
3;90;5772;3;Saliente
1;510;5772;3;Saliente
1;497;5778;3;Saliente
1;30;5816;3;Saliente
2;200;5820;3;Saliente
1;30;5883;3;Saliente
2;96;5903;3;Saliente
1;32;5920;3;Saliente
1;98;5944;3;Saliente
3;116;5945;3;Saliente
1;138;5945;3;Saliente
1;571;5949;3;Saliente
1;166;5954;3;Saliente
1;550;5954;3;Saliente
1;128;5954;3;Saliente
1;156;5954;3;Saliente
1;1196;5954;3;Saliente
1;30;5973;3;Saliente
2;60;5986;3;Saliente
4;440;5986;3;Saliente
1;206;5986;3;Saliente
1;388;6000;3;Saliente
1;94;6027;3;Saliente
3;125;6039;3;Saliente
1;30;6049;3;Saliente
5;157;6049;3;Saliente
2;133;6049;3;Saliente
1;173;6049;3;Saliente
1;113;6063;3;Saliente
1;87;6063;3;Saliente
1;30;6084;3;Saliente
1;85;6090;3;Saliente
10;1249;6138;3;Saliente
2;90;6143;3;Saliente
1;60;6248;3;Saliente
1;96;6257;3;Saliente
2;500;6272;3;Saliente
2;1599;6272;3;Saliente
1;30;6287;3;Saliente
2;60;6299;3;Saliente
1;116;6299;3;Saliente
2;192;6375;3;Saliente
3;175;6390;3;Saliente
2;60;6390;3;Saliente
2;93;6390;3;Saliente
1;413;6390;3;Saliente
1;819;6390;3;Saliente
3;90;6390;3;Saliente
1;188;6390;3;Saliente
1;105;6390;3;Saliente
3;115;6428;3;Saliente
21;9559;6456;3;Saliente
1;661;6471;3;Saliente
1;123;6486;3;Saliente
2;914;6486;3;Saliente
1;896;6496;3;Saliente
7;1218;6498;3;Saliente
15;850;6498;3;Saliente
2;152;6548;3;Saliente
2;60;6596;3;Saliente
1;30;6601;3;Saliente
1;30;6617;3;Saliente
5;609;6617;3;Saliente
2;60;6653;3;Saliente
4;154;6671;3;Saliente
1;550;6671;3;Saliente
1;47;6688;3;Saliente
1;166;6690;3;Saliente
1;75;6690;3;Saliente
1;63;6693;3;Saliente
1;30;6707;3;Saliente
1;87;6713;3;Saliente
1;78;6743;3;Saliente
2;163;6775;3;Saliente
1;254;6775;3;Saliente
2;1138;6786;3;Saliente
1;30;6818;3;Saliente
1;30;6847;3;Saliente
1;96;6847;3;Saliente
1;53;6876;3;Saliente
1;97;6876;3;Saliente
1;30;6890;3;Saliente
1;68;6893;3;Saliente
2;219;6901;3;Saliente
1;43;7022;3;Saliente
1;240;7028;3;Saliente
1;252;7029;3;Saliente
1;30;7045;3;Saliente
1;46;7098;3;Saliente
5;488;7098;3;Saliente
2;60;7098;3;Saliente
1;107;7098;3;Saliente
1;30;7102;3;Saliente
4;210;7119;3;Saliente
1;51;7129;3;Saliente
1;38;7137;3;Saliente
1;166;7167;3;Saliente
6;618;7167;3;Saliente
1;30;7214;3;Saliente
1;30;7214;3;Saliente
1;30;7214;3;Saliente
1;30;7221;3;Saliente
1;69;7274;3;Saliente
1;360;7284;3;Saliente
1;30;7338;3;Saliente
1;120;7350;3;Saliente
1;640;7366;3;Saliente
3;228;7432;3;Saliente
4;120;7432;3;Saliente
1;195;7432;3;Saliente
2;60;7438;3;Saliente
4;120;7438;3;Saliente
2;131;7438;3;Saliente
2;60;7446;3;Saliente
1;228;7497;3;Saliente
1;72;7531;3;Saliente
4;193;7582;3;Saliente
1;65;7582;3;Saliente
2;161;7582;3;Saliente
3;105;7582;3;Saliente
1;129;7582;3;Saliente
3;726;7617;3;Saliente
2;280;7617;3;Saliente
1;878;7627;3;Saliente
3;108;7789;3;Saliente
14;622;7789;3;Saliente
1;30;7789;3;Saliente
5;299;7789;3;Saliente
1;70;7789;3;Saliente
1;85;7789;3;Saliente
1;30;7796;3;Saliente
1;30;7809;3;Saliente
4;145;7809;3;Saliente
1;549;7809;3;Saliente
1;54;7812;3;Saliente
1;89;7815;3;Saliente
3;167;7831;3;Saliente
2;200;7842;3;Saliente
1;78;7863;3;Saliente
1;810;7896;3;Saliente
1;98;7907;3;Saliente
5;213;7908;3;Saliente
5;516;7908;3;Saliente
4;521;7908;3;Saliente
1;312;7908;3;Saliente
1;30;7916;3;Saliente
1;52;7916;3;Saliente
1;60;7919;3;Saliente
1;30;7923;3;Saliente
4;2010;7923;3;Saliente
1;910;7923;3;Saliente
2;61;7925;3;Saliente
1;76;7925;3;Saliente
3;200;7979;3;Saliente
1;753;7979;3;Saliente
1;30;8012;3;Saliente
1;50;8039;3;Saliente
1;60;8046;3;Saliente
4;516;8064;3;Saliente
1;30;8113;3;Saliente
2;60;8113;3;Saliente
1;56;8113;3;Saliente
1;43;8118;3;Saliente
2;204;8125;3;Saliente
3;2168;8148;3;Saliente
3;110;8148;3;Saliente
2;116;8148;3;Saliente
2;677;8148;3;Saliente
2;1372;8148;3;Saliente
1;633;8148;3;Saliente
1;530;8148;3;Saliente
1;30;8204;3;Saliente
1;30;8205;3;Saliente
1;30;8215;3;Saliente
7;1625;8219;3;Saliente
3;442;8230;3;Saliente
1;160;8252;3;Saliente
2;63;8259;3;Saliente
2;108;8274;3;Saliente
1;30;8283;3;Saliente
1;30;8283;3;Saliente
1;823;8362;3;Saliente
1;200;8366;3;Saliente
1;40;8374;3;Saliente
1;56;8389;3;Saliente
4;156;8391;3;Saliente
1;580;8392;3;Saliente
2;60;8408;3;Saliente
1;30;8423;3;Saliente
4;379;8423;3;Saliente
1;114;8423;3;Saliente
47;4557;8423;3;Saliente
1;30;8423;3;Saliente
2;98;8423;3;Saliente
1;145;8423;3;Saliente
3;395;8423;3;Saliente
1;121;8423;3;Saliente
1;30;8437;3;Saliente
1;33;8437;3;Saliente
1;57;8440;3;Saliente
11;1155;8448;3;Saliente
1;44;8448;3;Saliente
1;364;8448;3;Saliente
1;667;8472;3;Saliente
1;445;8474;3;Saliente
1;100;8487;3;Saliente
1;30;8525;3;Saliente
1;30;8530;3;Saliente
1;30;8565;3;Saliente
1;30;8572;3;Saliente
2;76;8572;3;Saliente
2;89;8572;3;Saliente
1;396;8572;3;Saliente
6;774;8572;3;Saliente
3;1250;8572;3;Saliente
3;263;8587;3;Saliente
3;1333;8587;3;Saliente
2;97;8614;3;Saliente
1;456;8669;3;Saliente
1;197;8676;3;Saliente
1;30;8687;3;Saliente
1;200;8688;3;Saliente
2;60;8698;3;Saliente
1;1064;8706;3;Saliente
1;1200;8706;3;Saliente
2;154;8707;3;Saliente
3;105;8707;3;Saliente
2;60;8707;3;Saliente
9;490;8707;3;Saliente
16;1003;8707;3;Saliente
1;91;8707;3;Saliente
1;30;8760;3;Saliente
3;299;8760;3;Saliente
3;90;8760;3;Saliente
1;1134;8760;3;Saliente
1;30;8772;3;Saliente
1;240;8773;3;Saliente
4;509;8812;3;Saliente
3;132;8812;3;Saliente
1;30;8858;3;Saliente
1;69;8860;3;Saliente
1;89;8897;3;Saliente
2;439;8940;3;Saliente
3;409;8940;3;Saliente
1;50;8940;3;Saliente
1;30;8967;3;Saliente
1;30;8979;3;Saliente
1;64;9023;3;Saliente
1;38;9046;3;Saliente
2;952;9068;3;Saliente
2;96;9068;3;Saliente
2;940;9068;3;Saliente
11;330;9078;3;Saliente
2;125;9167;3;Saliente
1;35;9188;3;Saliente
4;223;9220;3;Saliente
1;30;9278;3;Saliente
1;30;9282;3;Saliente
1;120;9301;3;Saliente
1;61;9327;3;Saliente
1;30;9342;3;Saliente
1;30;9403;3;Saliente
1;89;9407;3;Saliente
1;30;9418;3;Saliente
2;89;9461;3;Saliente
1;646;9503;3;Saliente
2;500;9542;3;Saliente
1;1132;9542;3;Saliente
1;544;9582;3;Saliente
1;93;9615;3;Saliente
1;216;9615;3;Saliente
2;90;9666;3;Saliente
1;30;9689;3;Saliente
2;147;9737;3;Saliente
1;117;9742;3;Saliente
2;65;9753;3;Saliente
1;68;9753;3;Saliente
1;30;9753;3;Saliente
1;76;9753;3;Saliente
1;30;9764;3;Saliente
1;829;9764;3;Saliente
3;200;9780;3;Saliente
2;60;9811;3;Saliente
1;120;9816;3;Saliente
1;477;9869;3;Saliente
4;482;9869;3;Saliente
4;1512;9869;3;Saliente
1;180;9881;3;Saliente
1;30;9890;3;Saliente
1;30;9910;3;Saliente
5;624;9944;3;Saliente
1;30;9944;3;Saliente
1;49;9944;3;Saliente
1;57;10050;3;Saliente
1;30;10113;3;Saliente
1;200;10138;3;Saliente
1;66;10152;3;Saliente
1;120;10195;3;Saliente
1;324;10210;3;Saliente
2;60;10218;3;Saliente
1;948;10228;3;Saliente
1;60;10239;3;Saliente
1;199;10243;3;Saliente
1;131;10280;3;Saliente
1;200;10295;3;Saliente
1;30;10304;3;Saliente
1;38;10320;3;Saliente
1;30;10356;3;Saliente
1;493;10368;3;Saliente
2;88;10378;3;Saliente
3;143;10412;3;Saliente
2;60;10415;3;Saliente
1;240;10419;3;Saliente
1;68;10453;3;Saliente
1;181;10480;3;Saliente
3;126;10547;3;Saliente
1;376;10559;3;Saliente
1;120;10577;3;Saliente
3;222;10638;3;Saliente
1;204;10638;3;Saliente
1;107;10639;3;Saliente
1;30;10643;3;Saliente
1;47;10652;3;Saliente
1;98;10657;3;Saliente
1;1183;10670;3;Saliente
1;30;10687;3;Saliente
2;60;10706;3;Saliente
3;145;10735;3;Saliente
2;60;10735;3;Saliente
2;60;10735;3;Saliente
6;1140;10735;3;Saliente
1;67;10735;3;Saliente
3;90;10735;3;Saliente
8;740;10735;3;Saliente
5;298;10735;3;Saliente
1;102;10735;3;Saliente
5;230;10752;3;Saliente
1;30;10752;3;Saliente
15;604;10752;3;Saliente
1;55;10752;3;Saliente
1;56;10752;3;Saliente
1;30;10752;3;Saliente
1;1013;10755;3;Saliente
1;86;10770;3;Saliente
1;200;10781;3;Saliente
1;74;10822;3;Saliente
5;217;16;1;Entrante
1;324;3660;1;Entrante
1;95;3912;1;Entrante
1;30;4038;1;Entrante
2;82;4098;1;Entrante
1;35;6231;1;Entrante
3;241;6258;1;Entrante
13;551;7916;1;Entrante
2;120;8152;1;Entrante
4;822;10140;1;Entrante
1;77;16;2;Entrante
1;212;1374;2;Entrante
1;30;1643;2;Entrante
1;291;4038;2;Entrante
4;248;4098;2;Entrante
1;120;4513;2;Entrante
1;30;5668;2;Entrante
1;30;6073;2;Entrante
1;30;7074;2;Entrante
8;365;7916;2;Entrante
4;485;10140;2;Entrante
1;55;2637;3;Entrante
1;30;4274;3;Entrante
1;30;4308;3;Entrante
2;179;6231;3;Entrante
1;30;7865;3;Entrante
2;107;7916;3;Entrante
2;133;9065;3;Entrante
1;119;10140;3;Entrante
6;1865;10744;3;Entrante
2;119;10843;3;Entrante
